{"dimensions":{"mean_width":437.23744727173766,"mean_height":391.3872635732753,"min_width":114,"min_height":103,"max_width":3264,"max_height":2606,"std_width":115.77587588493158,"std_height":109.39456029177312},"file_sizes":{"mean":105.09255218609675,"median":105.2890625,"min":3.3447265625,"max":1098.7783203125,"total_mb":754.2237949371338},"num_images":7349,"num_breeds":37,"num_species":2}